Sortino ratio,Sharpe ratio,Max Drawdown,Calmar ratio
1.3999513853570387,0.9821693135916236,-0.12818554929846315,1.9288840999710328
-1.476643869566974,-1.0397799561604506,-0.2355655930871957,-0.9802446849740288
