AEGIS,SPX
-0.5291768726543767,-1.1713824999587479
0.7625511376658007,1.0074867087363246
