AEGIS,SPX
-0.5610563044274621,-1.1846275130333783
0.7582122201517136,1.0131256612815778
